Year,Block,RGP,Treatment,RosDam,EarlyMow,LateMow,FinCap,FinMatureCap,FloweringDate_doe,FloweringDate_doy,HeightatFlowering,MaxCapitula,MaxCapitulaIncPreTrtSeedProducers,MaxHeight,LLLSpring,NoStemsFinal,NoStemsSpring
2025,1,511,Early Mow/Late Mow,n,y,y,6,6,68,188,66,6,6,72,17,4,3
2025,1,512,Control,n,n,n,39,37,48,168,99,37,37,179,20,3,2
2025,1,513,Late Mow,n,n,y,7,6,76,196,75,6,6,75,20,5,3
2025,1,514,Rosette Damage/Early Mow/Late Mow,y,y,y,2,2,89,209,51,2,2,51,20,4,3
2025,1,551,Rosette Damage/Early Mow/Late Mow,y,y,y,13,12,68,188,93,12,12,102,32,3,3
2025,1,552,Rosette Damage/Late Mow,y,n,y,5,5,68,188,80,5,5,97,29,1,1
2025,1,553,Early Mow,n,y,n,8,8,61,181,71,8,8,83,26,5,1
2025,1,554,Control,n,n,n,58,52,48,168,213,52,52,226,35,1,1
2025,1,641,Late Mow,n,n,y,7,3,76,196,67,3,3,67,33,4,3
2025,1,642,Rosette Damage,y,n,n,52,47,48,168,138,47,47,156,38,3,3
2025,1,643,Rosette Damage/Early Mow,y,y,n,8,8,61,181,80,8,8,95,42,4,1
2025,1,644,Early Mow/Late Mow,n,y,y,23,21,61,181,97,21,21,103,34,7,1
2025,1,661,Control,n,n,n,7,6,48,168,116,6,6,121,33,3,1
2025,1,662,Rosette Damage/Late Mow,y,n,y,9,5,68,188,76,5,5,94,45,2,2
2025,1,663,Late Mow,n,n,y,11,8,68,188,98,8,8,113,38,2,1
2025,1,664,Rosette Damage/Early Mow,y,y,n,16,13,61,181,89,13,13,104,30,3,1
2025,1,711,Rosette Damage/Late Mow,y,n,y,2,2,76,196,40,2,2,40,21,2,1
2025,1,712,Early Mow,n,y,n,60,52,54,174,79,52,52,112,34,7,1
2025,1,713,Rosette Damage/Early Mow,y,y,n,10,10,61,181,108,10,10,108,30,4,1
2025,1,714,Rosette Damage,y,n,n,15,12,54,174,109,12,12,118,23,1,1
2025,1,751,Rosette Damage,y,n,n,21,21,54,174,104,21,21,125,25,4,1
2025,1,752,Rosette Damage/Early Mow/Late Mow,y,y,y,5,3,68,188,81,3,3,88,33,2,2
2025,1,753,Early Mow,n,y,n,40,37,54,174,94,37,37,117,40,7,2
2025,1,754,Early Mow/Late Mow,n,y,y,8,7,68,188,74,7,7,81,24,3,2
2025,1,861,Control,n,n,n,49,47,48,168,191,47,47,214,41,3,1
2025,1,862,Late Mow,n,n,y,17,15,61,181,80,15,15,94,45,6,1
2025,1,863,Rosette Damage/Early Mow/Late Mow,y,y,y,5,4,68,188,80,4,4,80,40,3,1
2025,1,864,Rosette Damage/Early Mow,y,y,n,4,4,68,188,78,50,50,78,40,3,2
2025,1,881,Early Mow,n,y,n,11,11,54,174,108,11,11,108,36,6,2
2025,1,882,Rosette Damage/Late Mow,y,n,y,0,0,,,,0,0,5,27,0,1
2025,1,883,Early Mow/Late Mow,n,y,y,5,4,68,188,50,4,4,51,22,3,1
2025,1,884,Rosette Damage,y,n,n,38,31,48,168,165,31,31,176,32,1,1
2025,2,911,Early Mow,n,y,n,4,4,76,196,71,4,4,71,17,2,1
2025,2,912,Rosette Damage,y,n,n,33,31,48,168,176,31,31,190,25,1,1
2025,2,913,Rosette Damage/Late Mow,y,n,y,0,0,,,,0,0,5,17,0,1
2025,2,914,Control,n,n,n,21,20,54,174,96,20,20,116,18,1,1
2025,2,931,Rosette Damage/Early Mow/Late Mow,y,y,y,16,13,68,188,92,13,13,102,30,4,1
2025,2,932,Rosette Damage/Early Mow,y,y,n,11,10,61,181,90,10,10,102,27,3,1
2025,2,933,Early Mow,n,y,n,48,43,61,181,112,43,43,131,36,6,1
2025,2,934,Late Mow,n,n,y,16,14,68,188,57,14,14,59,28,6,1
2025,2,951,Rosette Damage/Early Mow,y,y,n,5,4,61,181,69,4,4,86,26,3,1
2025,2,952,Control,n,n,n,19,17,48,168,122,17,17,140,20,1,1
2025,2,953,Late Mow,n,n,y,5,3,61,181,56,3,3,65,24,2,1
2025,2,954,Rosette Damage/Late Mow,y,n,y,0,0,,,,0,0,5,21,0,1
2025,2,971,Rosette Damage,y,n,n,12,9,54,174,113,9,9,118,14,2,2
2025,2,972,Control,n,n,n,43,37,54,174,101,37,37,103,22,1,1
2025,2,973,Early Mow/Late Mow,n,y,y,15,14,61,181,83,14,14,83,30,4,1
2025,2,974,Rosette Damage/Early Mow/Late Mow,y,y,y,4,1,83,203,45,1,1,49,33,1,1
2025,2,1021,Rosette Damage/Early Mow/Late Mow,y,y,y,0,0,,,,0,0,5,21,0,1
2025,2,1022,Rosette Damage/Early Mow,y,y,n,10,10,68,188,94,10,10,95,25,3,1
2025,2,1023,Late Mow,n,n,y,0,0,,,,0,0,8,28,0,1
2025,2,1024,Early Mow/Late Mow,n,y,y,16,15,61,181,91,15,15,91,33,7,1
2025,2,1041,Rosette Damage,y,n,n,24,23,54,174,120,23,23,123,22,2,1
2025,2,1042,Control,n,n,n,6,6,54,174,104,6,6,107,22,3,1
2025,2,1043,Early Mow/Late Mow,n,y,y,0,0,,,,0,0,19,14,0,1
2025,2,1044,Rosette Damage/Late Mow,y,n,y,0,0,,,,0,0,5,11,0,1
2025,2,1061,Early Mow/Late Mow,n,y,y,14,14,68,188,80,14,14,87,23,7,1
2025,2,1062,Early Mow,n,y,n,14,13,61,181,80,13,13,96,27,5,1
2025,2,1063,Rosette Damage,y,n,n,25,25,48,168,128,25,25,139,26,2,2
2025,2,1064,Rosette Damage/Early Mow/Late Mow,y,y,y,0,0,,,,0,0,5,12,0,1
2025,2,1081,Early Mow,n,y,n,22,16,68,188,95,16,16,95,25,5,2
2025,2,1082,Rosette Damage/Late Mow,y,n,y,0,0,,,,0,0,18,33,0,1
2025,2,1083,Rosette Damage/Early Mow,y,y,n,3,3,68,188,55,3,3,60,22,2,2
2025,2,1084,Late Mow,n,n,y,7,1,83,203,32,1,1,32,33,3,2
2025,2,1111,Early Mow/Late Mow,n,y,y,6,5,68,188,87,5,5,89,22,2,1
2025,2,1112,Rosette Damage/Early Mow,y,y,n,17,15,61,181,98,15,15,112,27,3,2
2025,2,1113,Rosette Damage/Late Mow,y,n,y,0,0,,,,0,0,5,18,0,1
2025,2,1114,Early Mow,n,y,n,6,6,76,196,65,6,6,83,24,2,1
2025,2,1131,Control,n,n,n,18,18,48,168,153,18,18,155,22,3,3
2025,2,1132,Rosette Damage/Early Mow/Late Mow,y,y,y,4,4,83,203,42,4,4,49,22,3,2
2025,2,1133,Late Mow,n,n,y,0,0,,,,0,0,5,18,0,2
2025,2,1134,Rosette Damage,y,n,n,20,19,48,168,117,19,19,129,25,2,1
2025,2,1151,Control,n,n,n,19,19,54,174,135,19,19,148,24,1,1
2025,2,1152,Rosette Damage/Early Mow/Late Mow,y,y,y,0,0,,,,0,0,8,25,0,1
2025,2,1153,Rosette Damage/Late Mow,y,n,y,0,0,,,,0,0,7,26,0,2
2025,2,1154,Late Mow,n,n,y,13,13,68,188,88,13,13,107,31,4,1
2025,2,1171,Early Mow/Late Mow,n,y,y,3,2,76,196,61,2,2,61,21,3,1
2025,2,1172,Late Mow,n,n,y,13,13,68,188,94,13,13,97,28,3,1
2025,2,1173,Rosette Damage/Early Mow,y,y,n,0,0,,,,0,0,11,17,0,1
2025,2,1174,Rosette Damage/Early Mow/Late Mow,y,y,y,15,9,68,188,96,9,9,111,33,5,1
2025,2,1221,Control,n,n,n,102,87,48,168,168,87,87,201,41,2,1
2025,2,1222,Rosette Damage/Early Mow/Late Mow,y,y,y,4,3,68,188,92,3,3,92,43,1,2
2025,2,1223,Late Mow,n,n,y,8,8,68,188,98,8,8,101,40,2,2
2025,2,1224,Rosette Damage,y,n,n,56,52,48,168,168,52,52,194,33,1,1
2025,2,1241,Rosette Damage/Late Mow,y,n,y,1,1,,,,1,1,32,26,1,1
2025,2,1242,Early Mow/Late Mow,n,y,y,26,23,68,188,111,23,23,120,26,2,1
2025,2,1243,Rosette Damage/Early Mow,y,y,n,11,10,61,181,85,10,10,92,32,2,1
2025,2,1244,Early Mow,n,y,n,25,20,61,181,88,20,20,102,33,5,1
2025,2,1261,Rosette Damage,y,n,n,37,37,54,174,135,37,37,157,34,2,2
2025,2,1262,Rosette Damage/Early Mow,y,y,n,9,7,68,188,74,7,7,90,27,3,1
2025,2,1263,Early Mow,n,y,n,28,24,61,181,117,24,24,133,32,6,1
2025,2,1264,Early Mow/Late Mow,n,y,y,3,2,83,203,72,2,2,87,18,2,1
2025,2,1281,Control,n,n,n,65,56,54,174,138,56,56,150,36,6,1
2025,2,1282,Rosette Damage/Late Mow,y,n,y,1,1,68,188,50,1,1,50,22,1,1
2025,2,1283,Early Mow,n,y,n,26,26,61,181,117,26,26,131,34,7,1
2025,2,1284,Rosette Damage,y,n,n,33,26,48,168,120,26,26,142,36,2,2
2024,1,511,Early Mow,n,y,n,,,64,186,62,7,7,67,19,1,1
2024,1,512,Control,n,n,n,,,49,171,107,11,11,112,18,2,1
2024,1,513,Rosette Damage,y,n,n,,,49,171,92,14,14,99,25,4,1
2024,1,514,Rosette Damage/Early Mow/Late Mow,y,y,y,,,64,186,70,15,15,72,28,4,2
2024,2,531,Control,n,n,n,,,40,162,105,9,9,115,15,1,1
2024,2,532,Rosette Damage/Late Mow,y,n,y,,,,,,0,0,6,19,1,1
2024,2,533,Early Mow/Late Mow,n,y,y,,,70,192,36,4,5,37,18,2,1
2024,2,534,Rosette Damage/Early Mow,y,y,n,,,64,186,62,11,11,64,20,3,1
2024,3,551,Control,n,n,n,,,35,157,125,21,21,180,24,1,1
2024,3,552,Early Mow/Late Mow,n,y,y,,,64,186,74,14,14,74,19,5,1
2024,3,553,Rosette Damage,y,n,n,,,40,162,117,9,9,119,18,1,1
2024,3,554,Late Mow,n,n,y,,,,,,2,3,10,22,0,1
2024,4,571,Rosette Damage/Early Mow,y,y,n,,,64,186,67,2,2,67,20,1,1
2024,4,572,Rosette Damage/Late Mow,y,n,y,,,,,,0,2,7,15,0,4
2024,4,573,Rosette Damage,y,n,n,,,40,162,66,8,8,68,17,2,2
2024,4,574,Late Mow,n,n,y,,,70,192,37,8,8,40,17,4,3
2024,1,621,Early Mow/Late Mow,n,y,y,,,,,,3,3,9,21,0,1
2024,1,622,Rosette Damage/Late Mow,y,n,y,,,,,,2,3,12,14,0,1
2024,1,623,Rosette Damage/Early Mow,y,y,n,,,64,186,59,5,5,64,20,3,1
2024,1,624,Late Mow,n,n,y,,,,,,0,4,5,20,0,1
2024,2,641,Rosette Damage/Early Mow/Late Mow,y,y,y,,,70,192,28,7,7,30,17,4,1
2024,2,642,Rosette Damage,y,n,n,,,49,171,95,10,10,95,21,1,1
2024,2,643,Early Mow,n,y,n,,,64,186,59,4,4,59,21,2,1
2024,2,644,Late Mow,n,n,y,,,,,,2,3,12,22,0,1
2024,3,661,Early Mow,n,y,n,,,64,186,61,5,5,61,19,3,1
2024,3,662,Rosette Damage/Late Mow,y,n,y,,,,,,1,3,9,22,0,1
2024,3,663,Rosette Damage/Early Mow/Late Mow,y,y,y,,,70,192,29,5,5,30,19,3,1
2024,3,664,Rosette Damage/Early Mow,y,y,n,,,70,192,32,4,4,32,14,3,1
2024,4,681,Early Mow/Late Mow,n,y,y,,,,,,3,3,17,18,3,1
2024,4,682,Control,n,n,n,,,40,162,101,11,11,113,17,1,1
2024,4,683,Early Mow,n,y,n,,,56,178,85,8,8,91,20,3,1
2024,4,684,Rosette Damage/Early Mow/Late Mow,y,y,y,,,77,199,24,5,5,24,23,2,1
2024,1,711,Rosette Damage,y,n,n,,,49,171,112,8,8,113,16,3,5
2024,1,712,Control,n,n,n,,,49,171,97,18,18,97,19,5,1
2024,1,713,Early Mow/Late Mow,n,y,y,,,,,,0,0,5,18,0,1
2024,1,714,Late Mow,n,n,y,,,,,,0,2,7,16,0,4
2024,2,731,Early Mow/Late Mow,n,y,y,,,70,192,23,2,2,23,22,1,1
2024,2,732,Early Mow,n,y,n,,,64,186,61,6,6,61,16,5,3
2024,2,733,Rosette Damage,y,n,n,,,56,178,94,11,11,94,21,1,1
2024,2,734,Rosette Damage/Early Mow,y,y,n,,,56,178,74,5,5,74,18,2,4
2024,3,751,Rosette Damage/Late Mow,y,n,y,,,,,,2,3,11,20,1,2
2024,3,752,Control,n,n,n,,,35,157,101,13,13,135,20,1,1
2024,3,753,Rosette Damage/Early Mow/Late Mow,y,y,y,,,77,199,20,3,3,21,19,2,1
2024,3,754,Rosette Damage/Early Mow,y,y,n,,,64,186,52,7,7,54,20,3,1
2024,4,771,Early Mow,n,y,n,,,64,186,43,5,5,49,13,3,1
2024,4,772,Rosette Damage/Late Mow,y,n,y,,,,,,0,0,6,17,0,1
2024,4,773,Rosette Damage,y,n,n,,,56,178,94,9,9,94,17,2,1
2024,4,774,Rosette Damage/Early Mow/Late Mow,y,y,y,,,64,186,22,3,3,24,16,1,1
2024,1,821,Rosette Damage/Early Mow,y,y,n,,,70,192,34,2,2,34,14,1,1
2024,1,822,Early Mow,n,y,n,,,64,186,45,6,6,46,17,3,1
2024,1,823,Rosette Damage/Late Mow,y,n,y,,,70,192,22,2,2,22,21,2,1
2024,1,824,Rosette Damage/Early Mow/Late Mow,y,y,y,,,70,192,12,2,2,13,14,2,1
2024,2,841,Rosette Damage/Early Mow/Late Mow,y,y,y,,,64,186,41,4,4,44,19,2,1
2024,2,842,Late Mow,n,n,y,,,70,192,43,7,9,43,21,3,1
2024,2,843,Rosette Damage/Late Mow,y,n,y,,,,,,0,2,7,17,0,1
2024,2,844,Control,n,n,n,,,49,171,108,16,16,108,19,3,1
2024,3,861,Late Mow,n,n,y,,,,,,3,5,9,19,0,1
2024,3,862,Rosette Damage,y,n,n,,,40,162,110,13,13,122,17,1,1
2024,3,863,Early Mow,n,y,n,,,,,,1,2,6,24,0,1
2024,3,864,Early Mow/Late Mow,n,y,y,,,70,192,11,3,3,11,16,1,1
2024,4,881,Rosette Damage/Early Mow,y,y,n,,,64,186,64,6,6,64,19,3,1
2024,4,884,Late Mow,n,n,y,,,,,,4,6,12,9,0,1
2024,1,911,Late Mow,n,n,y,,,,,,0,2,6,23,0,1
2024,1,912,Rosette Damage/Late Mow,y,n,y,,,,,,0,0,6,25,0,1
2024,1,913,Control,n,n,n,,,35,157,106,9,9,106,26,1,1
2024,1,914,Early Mow/Late Mow,n,y,y,,,64,186,32,3,3,32,23,2,1
2024,2,931,Rosette Damage/Early Mow,y,y,n,,,56,178,91,13,13,98,18,1,1
2024,2,932,Control,n,n,n,,,40,162,123,13,13,136,22,1,1
2024,2,933,Early Mow/Late Mow,n,y,y,,,56,178,49,10,10,59,22,4,3
2024,2,934,Early Mow,n,y,n,,,64,186,48,8,8,52,16,3,1
2024,3,951,Rosette Damage/Early Mow/Late Mow,y,y,y,,,70,192,21,2,2,21,22,2,1
2024,3,952,Control,n,n,n,,,35,157,109,13,13,130,19,1,1
2024,3,953,Rosette Damage/Late Mow,y,n,y,,,,,,1,2,8,21,0,1
2024,3,954,Early Mow/Late Mow,n,y,y,,,64,186,37,4,4,37,17,3,1
2024,4,971,Rosette Damage/Early Mow/Late Mow,y,y,y,,,64,186,52,4,4,53,19,2,1
2024,4,972,Rosette Damage/Early Mow,y,y,n,,,64,186,51,7,7,51,16,3,1
2024,4,973,Control,n,n,n,,,40,162,114,7,7,134,22,1,1
2024,4,974,Late Mow,n,n,y,,,70,192,28,2,3,28,18,2,1
2024,1,1021,Rosette Damage/Early Mow,y,y,n,,,64,186,32,3,3,32,20,3,1
2024,1,1022,Early Mow,n,y,n,,,64,186,54,5,5,54,19,3,1
2024,1,1023,Rosette Damage,y,n,n,,,35,157,108,14,14,133,20,1,1
2024,1,1024,Rosette Damage/Early Mow/Late Mow,y,y,y,,,,,,1,1,19,25,1,1
2024,2,1041,Rosette Damage,y,n,n,,,35,157,67,12,12,95,17,2,2
2024,2,1042,Rosette Damage/Late Mow,y,n,y,,,,,,0,2,6,16,0,1
2024,2,1043,Late Mow,n,n,y,,,,,,1,2,10,21,0,1
2024,2,1044,Rosette Damage/Early Mow/Late Mow,y,y,y,,,64,186,24,4,4,24,14,1,1
2024,3,1061,Late Mow,n,n,y,,,64,186,42,4,4,44,19,3,1
2024,3,1062,Rosette Damage/Early Mow,y,y,n,,,56,178,43,6,6,52,22,3,1
2024,3,1063,Early Mow,n,y,n,,,77,199,13,2,2,16,14,2,1
2024,3,1064,Rosette Damage,y,n,n,,,40,162,101,7,7,108,17,1,1
2024,4,1081,Early Mow,n,y,n,,,64,186,54,5,5,56,15,3,1
2024,4,1082,Rosette Damage,y,n,n,,,40,162,107,12,12,114,20,1,1
2024,4,1083,Early Mow/Late Mow,n,y,y,,,64,186,52,8,8,52,19,3,1
2024,4,1084,Rosette Damage/Late Mow,y,n,y,,,,,,1,2,12,21,0,1
